name,Gender,Eye color,Race,Hair color,Height,Publisher,Skin color,Alignment,Weight,Weight kg
A-Bomb,Male,yellow,Human,No Hair,203,Marvel Comics,-,good,441,200.00 
Abe Sapien,Male,blue,Icthyo Sapien,No Hair,191,Dark Horse Comics,blue,good,65,29.48 
Abin Sur,Male,blue,Ungaran,No Hair,185,DC Comics,red,good,90,40.82 
Abomination,Male,green,Human / Radiation,No Hair,203,Marvel Comics,-,bad,441,200.00 
Abraxas,Male,blue,Cosmic Entity,Black,-99,Marvel Comics,-,bad,-99,-99
Absorbing Man,Male,blue,Human,No Hair,193,Marvel Comics,-,bad,122,55.33 
Adam Monroe,Male,blue,-,Blond,-99,NBC - Heroes,-,good,-99,-99
Adam Strange,Male,blue,Human,Blond,185,DC Comics,-,good,88,39.91 
Agent 13,Female,blue,-,Blond,173,Marvel Comics,-,good,61,27.66 
Agent Bob,Male,brown,Human,Brown,178,Marvel Comics,-,good,81,36.73 
Agent Zero,Male,-,-,-,191,Marvel Comics,-,good,104,47.17 
Air-Walker,Male,blue,-,White,188,Marvel Comics,-,bad,108,48.98 
Ajax,Male,brown,Cyborg,Black,193,Marvel Comics,-,bad,90,40.82 
Alan Scott,Male,blue,-,Blond,180,DC Comics,-,good,90,40.82 
Alex Mercer,Male,-,Human,-,-99,Wildstorm,-,bad,-99,-99
Alex Woolsly,Male,-,-,-,-99,NBC - Heroes,-,good,-99,-99
Alfred Pennyworth,Male,blue,Human,Black,178,DC Comics,-,good,72,32.65 
Alien,Male,-,Xenomorph XX121,No Hair,244,Dark Horse Comics,black,bad,169,76.64 
Allan Quatermain,Male,-,-,-,-99,Wildstorm,-,good,-99,-99
Amazo,Male,red,Android,-,257,DC Comics,-,bad,173,78.46 
Ammo,Male,brown,Human,Black,188,Marvel Comics,-,bad,101,45.80 
Ando Masahashi,Male,-,-,-,-99,NBC - Heroes,-,good,-99,-99
Angel,Male,blue,-,Blond,183,Marvel Comics,-,good,68,30.84 
Angel,Male,-,Vampire,-,-99,Dark Horse Comics,-,good,-99,-99
Angel Dust,Female,yellow,Mutant,Black,165,Marvel Comics,-,good,57,25.85 
Angel Salvadore,Female,brown,-,Black,163,Marvel Comics,-,good,54,24.49 
Angela,Female,-,-,-,-99,Image Comics,-,bad,-99,-99
Animal Man,Male,blue,Human,Blond,183,DC Comics,-,good,83,37.64 
Annihilus,Male,green,-,No Hair,180,Marvel Comics,-,bad,90,40.82 
Ant-Man,Male,blue,Human,Blond,211,Marvel Comics,-,good,122,55.33 
Ant-Man II,Male,blue,Human,Blond,183,Marvel Comics,-,good,86,39.00 
Anti-Monitor,Male,yellow,God / Eternal,No Hair,61,DC Comics,-,bad,-99,-99
Anti-Spawn,Male,-,-,-,-99,Image Comics,-,bad,-99,-99
Anti-Venom,Male,blue,Symbiote,Blond,229,Marvel Comics,-,-,358,162.36 
Apocalypse,Male,red,Mutant,Black,213,Marvel Comics,grey,bad,135,61.22 
Aquababy,Male,blue,-,Blond,-99,DC Comics,-,good,-99,-99
Aqualad,Male,blue,Atlantean,Black,178,DC Comics,-,good,106,48.07 
Aquaman,Male,blue,Atlantean,Blond,185,DC Comics,-,good,146,66.21 
Arachne,Female,blue,Human,Blond,175,Marvel Comics,-,good,63,28.57 
Archangel,Male,blue,Mutant,Blond,183,Marvel Comics,blue,good,68,30.84 
Arclight,Female,violet,-,Purple,173,Marvel Comics,-,bad,57,25.85 
Ardina,Female,white,Alien,Orange,193,Marvel Comics,gold,good,98,44.44 
Ares,Male,brown,-,Brown,185,Marvel Comics,-,good,270,122.45 
Ariel,Female,purple,-,Pink,165,Marvel Comics,-,good,59,26.76 
Armor,Female,black,-,Black,163,Marvel Comics,-,good,50,22.68 
Arsenal,Male,-,Human,-,-99,DC Comics,-,good,-99,-99
Astro Boy,Male,brown,-,Black,-99,,-,good,-99,-99
Atlas,Male,brown,Mutant,Red,183,Marvel Comics,-,good,101,45.80 
Atlas,Male,blue,God / Eternal,Brown,198,DC Comics,-,bad,126,57.14 
Atom,Male,blue,-,Red,178,DC Comics,-,good,68,30.84 
Atom,Male,-,-,-,-99,DC Comics,-,good,-99,-99
Atom Girl,Female,black,-,Black,168,DC Comics,-,good,54,24.49 
Atom II,Male,brown,Human,Auburn,183,DC Comics,-,good,81,36.73 
Atom III,Male,-,-,Red,-99,DC Comics,-,good,-99,-99
Atom IV,Male,brown,-,Black,-99,DC Comics,-,good,72,32.65 
Aurora,Female,blue,Mutant,Black,180,Marvel Comics,-,good,63,28.57 
Azazel,Male,yellow,Neyaphem,Black,183,Marvel Comics,red,bad,67,30.39 
Azrael,Male,brown,Human,Black,-99,DC Comics,-,good,-99,-99
Aztar,Male,-,-,-,-99,DC Comics,-,good,-99,-99
Bane,Male,-,Human,-,203,DC Comics,-,bad,180,81.63 
Banshee,Male,green,Human,Strawberry Blond,183,Marvel Comics,-,good,77,34.92 
Bantam,Male,brown,-,Black,165,Marvel Comics,-,good,54,24.49 
Batgirl,Female,-,-,-,-99,DC Comics,-,good,-99,-99
Batgirl,Female,green,Human,Red,170,DC Comics,-,good,57,25.85 
Batgirl III,Female,-,-,-,-99,DC Comics,-,good,-99,-99
Batgirl IV,Female,green,Human,Black,165,DC Comics,-,good,52,23.58 
Batgirl V,Female,-,-,-,-99,DC Comics,-,good,-99,-99
Batgirl VI,Female,blue,-,Blond,168,DC Comics,-,good,61,27.66 
Batman,Male,blue,Human,black,188,DC Comics,-,good,95,43.08 
Batman,Male,blue,Human,Black,178,DC Comics,-,good,77,34.92 
Batman II,Male,blue,Human,Black,178,DC Comics,-,good,79,35.83 
Battlestar,Male,brown,-,Black,198,Marvel Comics,-,good,133,60.32 
Batwoman V,Female,green,Human,Red,178,DC Comics,-,good,-99,-99
Beak,Male,black,-,White,175,Marvel Comics,-,good,63,28.57 
Beast,Male,blue,Mutant,Blue,180,Marvel Comics,blue,good,181,82.09 
Beast Boy,Male,green,Human,Green,173,DC Comics,green,good,68,30.84 
Beetle,Male,-,-,-,-99,Marvel Comics,-,bad,-99,-99
Ben 10,Male,-,-,-,-99,DC Comics,-,good,-99,-99
Beta Ray Bill,Male,-,-,No Hair,201,Marvel Comics,-,good,216,97.96 
Beyonder,Male,-,God / Eternal,-,-99,Marvel Comics,-,good,-99,-99
Big Barda,Female,blue,New God,Black,188,DC Comics,-,bad,135,61.22 
Big Daddy,Male,-,-,-,-99,Icon Comics,-,good,-99,-99
Big Man,Male,blue,-,Brown,165,Marvel Comics,-,bad,71,32.20 
Bill Harken,Male,-,Alpha,-,-99,SyFy,-,good,-99,-99
Billy Kincaid,Male,-,-,-,-99,Image Comics,-,bad,-99,-99
Binary,Female,blue,-,Blond,180,Marvel Comics,-,good,54,24.49 
Bionic Woman,Female,blue,Cyborg,Black,-99,,-,good,-99,-99
Bird-Brain,-,-,-,-,-99,Marvel Comics,-,good,-99,-99
Bird-Man,Male,-,Human,-,-99,Marvel Comics,-,bad,-99,-99
Bird-Man II,Male,-,Human,-,-99,Marvel Comics,-,bad,-99,-99
Birdman,Male,-,God / Eternal,-,-99,Hanna-Barbera,-,good,-99,-99
Bishop,Male,brown,Mutant,No Hair,198,Marvel Comics,-,good,124,56.24 
Bizarro,Male,black,Bizarro,Black,191,DC Comics,white,neutral,155,70.29 
Black Abbott,Male,red,-,Black,-99,Marvel Comics,-,bad,-99,-99
Black Adam,Male,brown,-,Black,191,DC Comics,-,bad,113,51.25 
Black Bolt,Male,blue,Inhuman,Black,188,Marvel Comics,-,good,95,43.08 
Black Canary,Female,blue,Human,Blond,165,DC Comics,-,good,58,26.30 
Black Canary,Female,blue,Metahuman,Blond,170,DC Comics,-,good,59,26.76 
Black Cat,Female,green,Human,Blond,178,Marvel Comics,-,good,54,24.49 
Black Flash,Male,-,God / Eternal,-,-99,DC Comics,-,neutral,-99,-99
Black Goliath,Male,-,-,-,-99,Marvel Comics,-,good,-99,-99
Black Knight III,Male,brown,Human,Brown,183,Marvel Comics,-,good,86,39.00 
Black Lightning,Male,brown,-,No Hair,185,DC Comics,-,good,90,40.82 
Black Mamba,Female,green,-,Black,170,Marvel Comics,-,bad,52,23.58 
Black Manta,Male,black,Human,No Hair,188,DC Comics,-,bad,92,41.72 
Black Panther,Male,brown,Human,Black,183,Marvel Comics,-,good,90,40.82 
Black Widow,Female,green,Human,Auburn,170,Marvel Comics,-,good,59,26.76 
Black Widow II,Female,blue,-,Blond,170,Marvel Comics,-,good,61,27.66 
Blackout,Male,red,Demon,White,191,Marvel Comics,white,bad,104,47.17 
Blackwing,Male,blue,-,Black,185,Marvel Comics,-,bad,86,39.00 
Blackwulf,Male,red,Alien,White,188,Marvel Comics,-,-,88,39.91 
Blade,Male,brown,Vampire,Black,188,Marvel Comics,-,good,97,43.99 
Blaquesmith,-,black,-,No Hair,-99,Marvel Comics,-,good,-99,-99
Bling!,Female,-,-,-,168,Marvel Comics,-,good,68,30.84 
Blink,Female,green,Mutant,Magenta,165,Marvel Comics,pink,good,56,25.40 
Blizzard,Male,-,-,-,-99,Marvel Comics,-,bad,-99,-99
Blizzard,Male,-,-,Brown,-99,Marvel Comics,-,bad,-99,-99
Blizzard II,Male,brown,-,Brown,175,Marvel Comics,-,bad,77,34.92 
Blob,Male,brown,-,Brown,178,Marvel Comics,-,bad,230,104.31 
Bloodaxe,Female,blue,Human,Brown,218,Marvel Comics,-,bad,495,224.49 
Bloodhawk,Male,black,Mutant,No Hair,-99,Marvel Comics,-,good,-99,-99
Bloodwraith,Male,white,-,No Hair,30.5,Marvel Comics,-,bad,-99,-99
Blue Beetle,Male,blue,-,Brown,-99,DC Comics,-,good,-99,-99
Blue Beetle,Male,-,-,-,-99,DC Comics,-,good,-99,-99
Blue Beetle II,Male,blue,-,Brown,183,DC Comics,-,good,86,39.00 
Blue Beetle III,Male,brown,Human,Black,-99,DC Comics,-,good,-99,-99
Boba Fett,Male,brown,Human / Clone,Black,183,George Lucas,-,bad,-99,-99
Bolt,Male,-,-,-,-99,Marvel Comics,-,good,-99,-99
Bomb Queen,Female,-,-,-,-99,Image Comics,-,bad,-99,-99
Boom-Boom,Female,blue,Mutant,Blond,165,Marvel Comics,-,good,55,24.94 
Boomer,Female,-,-,-,-99,Marvel Comics,-,good,-99,-99
Booster Gold,Male,blue,Human,Blond,196,DC Comics,-,good,97,43.99 
Box,Male,-,-,-,-99,Marvel Comics,-,good,-99,-99
Box III,-,blue,-,Blond,193,Marvel Comics,-,good,110,49.89 
Box IV,-,brown,-,Brown / Black,-99,Marvel Comics,-,good,-99,-99
Brainiac,Male,green,Android,No Hair,198,DC Comics,green,bad,135,61.22 
Brainiac 5,Male,green,-,Blond,170,DC Comics,-,good,61,27.66 
Brother Voodoo,Male,brown,Human,Brown / White,183,Marvel Comics,-,good,99,44.90 
Brundlefly,Male,-,Mutant,-,193,,-,-,-99,-99
Buffy,Female,green,Human,Blond,157,Dark Horse Comics,-,good,52,23.58 
Bullseye,Male,blue,Human,blond,183,Marvel Comics,-,bad,90,40.82 
Bumblebee,Female,brown,Human,Black,170,DC Comics,-,good,59,26.76 
Bumbleboy,Male,-,-,-,-99,Marvel Comics,-,good,-99,-99
Bushido,Male,-,Human,-,-99,DC Comics,-,good,-99,-99
Cable,Male,blue,Mutant,White,203,Marvel Comics,-,good,158,71.66 
Callisto,Female,blue,-,Black,175,Marvel Comics,-,bad,74,33.56 
Cameron Hicks,Male,-,Alpha,-,-99,SyFy,-,good,-99,-99
Cannonball,Male,blue,-,Blond,183,Marvel Comics,-,good,81,36.73 
Captain America,Male,blue,Human,blond,188,Marvel Comics,-,good,108,48.98 
Captain Atom,Male,blue,Human / Radiation,Silver,193,DC Comics,silver,good,90,40.82 
Captain Britain,Male,blue,Human,Blond,198,Marvel Comics,-,good,116,52.61 
Captain Cold,Male,brown,Human,Brown,-99,DC Comics,-,neutral,-99,-99
Captain Epic,Male,blue,-,Brown,188,Team Epic TV,-,good,-99,-99
Captain Hindsight,Male,-,Human,Black,-99,South Park,-,good,-99,-99
Captain Mar-vell,Male,blue,-,Blond,188,Marvel Comics,-,good,108,48.98 
Captain Marvel,Female,blue,Human-Kree,Blond,180,Marvel Comics,-,good,74,33.56 
Captain Marvel,Male,blue,Human,Black,193,DC Comics,-,good,101,45.80 
Captain Marvel II,Male,blue,Human,Black,175,DC Comics,-,good,74,33.56 
Captain Midnight,Male,-,Human,-,-99,Dark Horse Comics,-,good,-99,-99
Captain Planet,Male,red,God / Eternal,Green,-99,Marvel Comics,-,good,-99,-99
Captain Universe,-,-,God / Eternal,-,-99,Marvel Comics,-,good,-99,-99
Carnage,Male,green,Symbiote,Red,185,Marvel Comics,-,bad,86,39.00 
Cat,Female,blue,-,Blond,173,Marvel Comics,-,good,61,27.66 
Cat II,Female,-,-,-,-99,Marvel Comics,-,good,-99,-99
Catwoman,Female,green,Human,Black,175,DC Comics,-,good,61,27.66 
Cecilia Reyes,-,brown,-,Brown,170,Marvel Comics,-,good,62,28.12 
Century,Male,white,Alien,White,201,Marvel Comics,grey,good,97,43.99 
Cerebra,Female,-,Mutant,-,-99,Marvel Comics,-,good,-99,-99
Chamber,Male,brown,Mutant,Brown,175,Marvel Comics,-,good,63,28.57 
Chameleon,Male,-,-,-,-99,DC Comics,-,bad,-99,-99
Changeling,Male,brown,-,Black,180,Marvel Comics,-,bad,81,36.73 
Cheetah,Female,green,Human,Blond,163,DC Comics,-,bad,50,22.68 
Cheetah II,Female,green,Human,Brown,170,DC Comics,-,bad,55,24.94 
Cheetah III,Female,brown,Human,Brown,175,DC Comics,-,bad,54,24.49 
Chromos,Male,brown,-,Red / Grey,185,Team Epic TV,-,bad,86,39.00 
Chuck Norris,Male,-,-,-,178,,-,good,-99,-99
Citizen Steel,Male,green,Human,Red,183,DC Comics,-,good,170,77.10 
Claire Bennet,Female,blue,-,Blond,-99,NBC - Heroes,-,good,-99,-99
Clea,-,-,-,White,-99,Marvel Comics,-,good,-99,-99
Cloak,Male,brown,-,black,226,Marvel Comics,-,good,70,31.75 
Clock King,Male,blue,Human,Black,178,DC Comics,-,bad,78,35.37 
Cogliostro,Male,-,-,-,-99,Image Comics,-,bad,-99,-99
Colin Wagner,Male,grey,-,Brown,-99,HarperCollins,-,good,-99,-99
Colossal Boy,Male,-,-,-,-99,DC Comics,-,good,-99,-99
Colossus,Male,silver,Mutant,Black,226,Marvel Comics,-,good,225,102.04 
Copycat,Female,red,Mutant,White,183,Marvel Comics,blue,neutral,67,30.39 
Corsair,Male,brown,-,Brown,191,Marvel Comics,-,good,79,35.83 
Cottonmouth,Male,brown,Human,Black,183,Marvel Comics,-,bad,99,44.90 
Crimson Crusader,Male,blue,-,Strawberry Blond,-99,Marvel Comics,-,good,-99,-99
Crimson Dynamo,Male,brown,-,No Hair,180,Marvel Comics,-,good,104,47.17 
Crystal,Female,green,Inhuman,Red,168,Marvel Comics,-,good,50,22.68 
Curse,Male,-,-,-,-99,Image Comics,-,bad,-99,-99
Cy-Gor,Male,-,-,-,-99,Image Comics,-,bad,-99,-99
Cyborg,Male,brown,Cyborg,Black,198,DC Comics,-,good,173,78.46 
Cyborg Superman,Male,blue,Cyborg,Black,-99,DC Comics,-,bad,-99,-99
Cyclops,Male,brown,Mutant,Brown,191,Marvel Comics,-,good,88,39.91 
Cypher,-,blue,-,Blond,175,Marvel Comics,-,good,68,30.84 
Dagger,Female,blue,-,Blond,165,Marvel Comics,-,good,52,23.58 
Danny Cooper,Male,brown,-,Blond,-99,HarperCollins,-,good,-99,-99
Daphne Powell,Female,-,-,-,-99,ABC Studios,-,good,-99,-99
Daredevil,Male,blue,Human,Red,183,Marvel Comics,-,good,90,40.82 
Darkhawk,Male,brown,Human,Brown,185,Marvel Comics,-,good,81,36.73 
Darkman,Male,-,-,-,-99,Universal Studios,-,good,-99,-99
Darkseid,Male,red,New God,No Hair,267,DC Comics,grey,bad,817,370.52 
Darkside,-,-,-,-,-99,,-,bad,-99,-99
Darkstar,Female,brown,Mutant,Blond,168,Marvel Comics,-,good,56,25.40 
Darth Maul,Male,yellow / red,Dathomirian Zabrak,-,170,George Lucas,red / black,bad,-99,-99
Darth Vader,Male,yellow,Cyborg,No Hair,198,George Lucas,-,bad,135,61.22 
Dash,Male,blue,Human,Blond,122,Dark Horse Comics,-,good,27,12.24 
Data,Male,yellow,Android,Brown,-99,Star Trek,-,good,-99,-99
Dazzler,Female,blue,Mutant,Blond,173,Marvel Comics,-,good,52,23.58 
Deadman,Male,blue,Human,Black,183,DC Comics,-,good,90,40.82 
Deadpool,Male,brown,Mutant,No Hair,188,Marvel Comics,-,neutral,95,43.08 
Deadshot,Male,brown,Human,Brown,185,DC Comics,-,bad,91,41.27 
Deathlok,Male,brown,Cyborg,Grey,193,Marvel Comics,-,good,178,80.73 
Deathstroke,Male,blue,Human,White,193,DC Comics,-,neutral,101,45.80 
Demogoblin,Male,red,Demon,No Hair,185,Marvel Comics,-,bad,95,43.08 
Destroyer,Male,-,-,-,188,Marvel Comics,-,bad,383,173.70 
Diamondback,Male,brown,Human,Black,193,Marvel Comics,-,bad,90,40.82 
DL Hawkins,Male,-,-,-,-99,NBC - Heroes,-,good,-99,-99
Doc Samson,Male,blue,Human / Radiation,Green,198,Marvel Comics,-,good,171,77.55 
Doctor Doom,Male,brown,Human,Brown,201,Marvel Comics,-,bad,187,84.81 
Doctor Doom II,Male,brown,-,Brown,201,Marvel Comics,-,bad,132,59.86 
Doctor Fate,Male,blue,Human,Blond,188,DC Comics,-,good,89,40.36 
Doctor Octopus,Male,brown,Human,Brown,175,Marvel Comics,-,bad,110,49.89 
Doctor Strange,Male,grey,Human,Black,188,Marvel Comics,-,good,81,36.73 
Domino,Female,blue,Human,Black,173,Marvel Comics,white,good,54,24.49 
Donatello,Male,green,Mutant,No Hair,-99,IDW Publishing,green,good,-99,-99
Donna Troy,Female,blue,Amazon,Black,175,DC Comics,-,good,63,28.57 
Doomsday,Male,red,Alien,White,244,DC Comics,-,bad,412,186.85 
Doppelganger,Male,white,-,No Hair,196,Marvel Comics,-,bad,104,47.17 
Dormammu,Male,yellow,-,No Hair,185,Marvel Comics,-,bad,-99,-99
Dr Manhattan,Male,white,Human / Cosmic,No Hair,-99,DC Comics,blue,good,-99,-99
Drax the Destroyer,Male,red,Human / Altered,No Hair,193,Marvel Comics,green,good,306,138.78 
Ego,-,-,-,-,-99,Marvel Comics,-,bad,-99,-99
Elastigirl,Female,brown,Human,Brown,168,Dark Horse Comics,-,good,56,25.40 
Electro,Male,blue,Human,Auburn,180,Marvel Comics,-,bad,74,33.56 
Elektra,Female,blue,Human,Black,175,Marvel Comics,-,good,59,26.76 
Elle Bishop,Female,blue,-,Blond,-99,NBC - Heroes,-,bad,-99,-99
Elongated Man,Male,blue,-,Red,185,DC Comics,-,good,80,36.28 
Emma Frost,Female,blue,-,Blond,178,Marvel Comics,-,good,65,29.48 
Enchantress,Female,blue,Human,Blond,168,DC Comics,-,good,57,25.85 
Energy,Female,-,-,-,-99,HarperCollins,-,good,-99,-99
ERG-1,Male,-,-,-,-99,DC Comics,-,good,-99,-99
Ethan Hunt,Male,brown,Human,Brown,168,,-,good,-99,-99
Etrigan,Male,red,Demon,No Hair,193,DC Comics,yellow,neutral,203,92.06 
Evil Deadpool,Male,white,Mutant,Red,188,Marvel Comics,-,bad,95,43.08 
Evilhawk,Male,red,Alien,Black,191,Marvel Comics,green,bad,106,48.07 
Exodus,Male,blue,Mutant,Black,183,Marvel Comics,red,bad,88,39.91 
Fabian Cortez,-,blue,-,Brown,196,Marvel Comics,-,bad,96,43.54 
Falcon,Male,brown,Human,Black,188,Marvel Comics,-,good,108,48.98 
Fallen One II,Male,black,-,Blue,-99,Marvel Comics,-,bad,-99,-99
Faora,Female,-,Kryptonian,-,-99,DC Comics,-,bad,-99,-99
Feral,-,yellow (without irises),-,Orange / White,175,Marvel Comics,-,good,50,22.68 
Fighting Spirit,Female,-,-,Red,-99,DC Comics,-,good,-99,-99
Fin Fang Foom,Male,red,Kakarantharaian,No Hair,975,Marvel Comics,green,good,18,8.16 
Firebird,Female,brown,-,Black,165,Marvel Comics,-,good,56,25.40 
Firelord,-,white,-,Yellow,193,Marvel Comics,-,good,99,44.90 
Firestar,Female,green,Mutant,Red,173,Marvel Comics,-,good,56,25.40 
Firestorm,Male,brown,-,Black,-99,DC Comics,-,good,-99,-99
Firestorm,Male,blue,Human,Auburn,188,DC Comics,-,good,91,41.27 
Fixer,-,red,-,No Hair,-99,Marvel Comics,-,bad,-99,-99
Flash,Male,blue,Human,Brown / White,180,DC Comics,-,good,81,36.73 
Flash Gordon,Male,-,-,-,-99,,-,good,-99,-99
Flash II,Male,blue,Human,Blond,183,DC Comics,-,good,88,39.91 
Flash III,Male,-,Human,-,183,DC Comics,-,good,86,39.00 
Flash IV,Male,yellow,Human,Auburn,157,DC Comics,-,good,52,23.58 
Forge,-,brown,-,Black,183,Marvel Comics,-,good,81,36.73 
Franklin Richards,Male,blue,Mutant,Blond,142,Marvel Comics,-,good,45,20.41 
Franklin Storm,-,blue,-,Grey,188,Marvel Comics,-,good,92,41.72 
Frenzy,Female,brown,-,Black,211,Marvel Comics,-,bad,104,47.17 
Frigga,Female,blue,-,White,180,Marvel Comics,-,good,167,75.74 
Galactus,Male,black,Cosmic Entity,Black,876,Marvel Comics,-,neutral,16,7.26 
Gambit,Male,red,Mutant,Brown,185,Marvel Comics,-,good,81,36.73 
Gamora,Female,yellow,Zen-Whoberian,Black,183,Marvel Comics,green,good,77,34.92 
Garbage Man,Male,-,Mutant,-,-99,DC Comics,-,good,-99,-99
Gary Bell,Male,-,Alpha,-,-99,SyFy,-,good,-99,-99
General Zod,Male,black,Kryptonian,Black,-99,DC Comics,-,bad,-99,-99
Genesis,Male,blue,-,Blond,185,Marvel Comics,-,good,86,39.00 
Ghost Rider,Male,red,Demon,No Hair,188,Marvel Comics,-,good,99,44.90 
Ghost Rider II,-,-,-,-,-99,Marvel Comics,-,good,-99,-99
Giant-Man,Male,-,Human,-,-99,Marvel Comics,-,good,-99,-99
Giant-Man II,Male,-,-,-,-99,Marvel Comics,-,good,-99,-99
Giganta,Female,green,-,Red,62.5,DC Comics,-,bad,630,285.71 
Gladiator,Male,blue,Strontian,Blue,198,Marvel Comics,purple,neutral,268,121.54 
Goblin Queen,Female,green,-,Red,168,Marvel Comics,-,bad,50,22.68 
Godzilla,-,-,Kaiju,-,108,,grey,bad,,
Gog,Male,-,-,-,-99,DC Comics,-,bad,-99,-99
Goku,Male,-,Saiyan,-,175,Shueisha,-,good,62,28.12 
Goliath,Male,-,-,-,-99,Marvel Comics,-,good,-99,-99
Goliath,Male,-,Human,-,-99,Marvel Comics,-,good,-99,-99
Goliath,Male,-,Human,-,-99,Marvel Comics,-,good,-99,-99
Goliath IV,Male,brown,-,Black,183,Marvel Comics,-,good,90,40.82 
Gorilla Grodd,Male,yellow,Gorilla,Black,198,DC Comics,-,bad,270,122.45 
Granny Goodness,Female,blue,-,White,178,DC Comics,-,bad,115,52.15 
Gravity,Male,blue,Human,Brown,178,Marvel Comics,-,good,79,35.83 
Greedo,Male,purple,Rodian,-,170,George Lucas,green,bad,-99,-99
Green Arrow,Male,green,Human,Blond,188,DC Comics,-,good,88,39.91 
Green Goblin,Male,blue,Human,Auburn,180,Marvel Comics,-,bad,83,37.64 
Green Goblin II,Male,blue,-,Auburn,178,Marvel Comics,-,bad,77,34.92 
Green Goblin III,Male,-,-,-,183,Marvel Comics,-,good,88,39.91 
Green Goblin IV,Male,green,-,Brown,178,Marvel Comics,-,good,79,35.83 
Groot,Male,yellow,Flora Colossus,-,701,Marvel Comics,-,good,4,1.81 
Guardian,Male,brown,Human,Black,-99,Marvel Comics,-,good,-99,-99
Guy Gardner,Male,blue,Human-Vuldarian,Red,188,DC Comics,-,good,95,43.08 
Hal Jordan,Male,brown,Human,Brown,188,DC Comics,-,good,90,40.82 
Han Solo,Male,brown,Human,Brown,183,George Lucas,-,good,79,35.83 
Hancock,Male,brown,Human,Black,188,Sony Pictures,-,good,-99,-99
Harley Quinn,Female,blue,Human,Blond,170,DC Comics,-,bad,63,28.57 
Harry Potter,Male,green,Human,Black,-99,J. K. Rowling,-,good,-99,-99
Havok,Male,blue,Mutant,Blond,183,Marvel Comics,-,good,79,35.83 
Hawk,Male,red,-,Brown,185,DC Comics,-,good,89,40.36 
Hawkeye,Male,blue,Human,Blond,191,Marvel Comics,-,good,104,47.17 
Hawkeye II,Female,blue,Human,Black,165,Marvel Comics,-,good,57,25.85 
Hawkgirl,Female,green,-,Red,175,DC Comics,-,good,61,27.66 
Hawkman,Male,blue,-,Brown,185,DC Comics,-,good,88,39.91 
Hawkwoman,Female,green,-,Red,175,DC Comics,-,good,54,24.49 
Hawkwoman II,Female,-,-,-,-99,DC Comics,-,good,-99,-99
Hawkwoman III,Female,blue,-,Red,170,DC Comics,-,good,65,29.48 
Heat Wave,Male,blue,Human,No Hair,180,DC Comics,-,bad,81,36.73 
Hela,Female,green,Asgardian,Black,213,Marvel Comics,-,bad,225,102.04 
Hellboy,Male,gold,Demon,Black,259,Dark Horse Comics,-,good,158,71.66 
Hellcat,Female,blue,Human,Red,173,Marvel Comics,-,good,61,27.66 
Hellstorm,Male,red,-,Red,185,Marvel Comics,-,good,81,36.73 
Hercules,Male,blue,Demi-God,Brown,196,Marvel Comics,-,good,146,66.21 
Hiro Nakamura,Male,-,-,-,-99,NBC - Heroes,-,good,-99,-99
Hit-Girl,Female,-,Human,-,-99,Icon Comics,-,good,-99,-99
Hobgoblin,Male,blue,-,Grey,180,Marvel Comics,-,bad,83,37.64 
Hollow,Female,blue,-,Red,170,Marvel Comics,-,good,-99,-99
Hope Summers,Female,green,-,Red,168,Marvel Comics,-,good,48,21.77 
Howard the Duck,Male,brown,-,Yellow,79,Marvel Comics,-,good,18,8.16 
Hulk,Male,green,Human / Radiation,Green,244,Marvel Comics,green,good,630,285.71 
Human Torch,Male,blue,Human / Radiation,Blond,178,Marvel Comics,-,good,77,34.92 
Huntress,Female,blue,-,Black,180,DC Comics,-,good,59,26.76 
Husk,Female,blue,Mutant,Blond,170,Marvel Comics,-,good,58,26.30 
Hybrid,Male,brown,Symbiote,Black,175,Marvel Comics,-,good,77,34.92 
Hydro-Man,Male,brown,-,Brown,188,Marvel Comics,-,bad,119,53.97 
Hyperion,Male,blue,Eternal,Red,183,Marvel Comics,-,good,207,93.88 
Iceman,Male,brown,Mutant,Brown,173,Marvel Comics,-,good,65,29.48 
Impulse,Male,yellow,Human,Auburn,170,DC Comics,-,good,65,29.48 
Indiana Jones,Male,-,Human,-,183,George Lucas,-,good,79,35.83 
Indigo,Female,-,Alien,Purple,-99,DC Comics,-,neutral,-99,-99
Ink,Male,blue,Mutant,No Hair,180,Marvel Comics,-,good,81,36.73 
Invisible Woman,Female,blue,Human / Radiation,Blond,168,Marvel Comics,-,good,54,24.49 
Iron Fist,Male,blue,Human,Blond,180,Marvel Comics,-,good,79,35.83 
Iron Man,Male,blue,Human,Black,198,Marvel Comics,-,good,191,86.62 
Iron Monger,Male,blue,-,No Hair,-99,Marvel Comics,-,bad,2,0.91 
Isis,Female,-,-,-,-99,DC Comics,-,good,-99,-99
Jack Bauer,Male,-,-,-,-99,,-,good,-99,-99
Jack of Hearts,Male,blue / white,Human,Brown,155,Marvel Comics,-,good,79,35.83 
Jack-Jack,Male,blue,Human,Brown,71,Dark Horse Comics,-,good,14,6.35 
James Bond,Male,blue,Human,Blond,183,Titan Books,-,good,-99,-99
James T. Kirk,Male,hazel,Human,Brown,178,Star Trek,-,good,77,34.92 
Jar Jar Binks,Male,yellow,Gungan,-,193,George Lucas,orange / white,good,-99,-99
Jason Bourne,Male,-,Human,-,-99,,-,good,-99,-99
Jean Grey,Female,green,Mutant,Red,168,Marvel Comics,-,good,52,23.58 
Jean-Luc Picard,Male,-,Human,-,-99,Star Trek,-,good,-99,-99
Jennifer Kale,Female,blue,-,Blond,168,Marvel Comics,-,good,55,24.94 
Jesse Quick,Female,-,Human,-,-99,DC Comics,-,good,-99,-99
Jessica Cruz,Female,green,Human,Brown,-99,DC Comics,-,good,-99,-99
Jessica Jones,Female,brown,Human,Brown,170,Marvel Comics,-,good,56,25.40 
Jessica Sanders,Female,-,-,-,-99,NBC - Heroes,-,good,-99,-99
Jigsaw,Male,blue,-,Black,188,Marvel Comics,-,bad,113,51.25 
Jim Powell,Male,-,-,-,-99,ABC Studios,-,good,-99,-99
JJ Powell,Male,-,-,-,-99,ABC Studios,-,good,-99,-99
Johann Krauss,Male,-,-,-,-99,Dark Horse Comics,-,good,-99,-99
John Constantine,Male,blue,Human,Blond,183,DC Comics,-,good,-99,-99
John Stewart,Male,green,Human,Black,185,DC Comics,-,good,90,40.82 
John Wraith,Male,brown,-,Black,183,Marvel Comics,-,good,88,39.91 
Joker,Male,green,Human,Green,196,DC Comics,white,bad,86,39.00 
Jolt,Female,blue,-,Black,165,Marvel Comics,-,good,49,22.22 
Jubilee,Female,red,Mutant,Black,165,Marvel Comics,-,good,52,23.58 
Judge Dredd,Male,-,Human,-,188,Rebellion,-,good,-99,-99
Juggernaut,Male,blue,Human,Red,287,Marvel Comics,-,neutral,855,387.76 
Junkpile,Male,-,Mutant,-,-99,Marvel Comics,-,bad,-99,-99
Justice,Male,hazel,Human,Brown,178,Marvel Comics,-,good,81,36.73 
Jyn Erso,Female,green,Human,Brown,-99,George Lucas,-,good,-99,-99
K-2SO,Male,white,Android,No Hair,213,George Lucas,gray,good,-99,-99
Kang,Male,brown,-,Brown,191,Marvel Comics,-,bad,104,47.17 
Karate Kid,Male,brown,Human,Brown,173,DC Comics,-,good,72,32.65 
Kathryn Janeway,Female,-,Human,-,-99,Star Trek,-,good,-99,-99
Katniss Everdeen,Female,-,Human,-,-99,,-,good,-99,-99
Kevin 11,Male,-,Human,Black,-99,DC Comics,-,good,-99,-99
Kick-Ass,Male,blue,Human,Blond,-99,Icon Comics,-,good,-99,-99
Kid Flash,Male,green,Human,Red,-99,DC Comics,-,good,-99,-99
Kid Flash II,Male,-,-,-,-99,DC Comics,-,good,-99,-99
Killer Croc,Male,red,Metahuman,No Hair,244,DC Comics,green,bad,356,161.45 
Killer Frost,Female,blue,Human,Blond,-99,DC Comics,blue,bad,-99,-99
Kilowog,Male,red,Bolovaxian,No Hair,234,DC Comics,pink,good,324,146.94 
King Kong,Male,yellow,Animal,Black,30.5,,-,good,,
King Shark,Male,black,Animal,No Hair,-99,DC Comics,-,bad,-99,-99
Kingpin,Male,blue,Human,No Hair,201,Marvel Comics,-,bad,203,92.06 
Klaw,Male,red,Human,No Hair,188,Marvel Comics,red,bad,97,43.99 
Kool-Aid Man,Male,black,-,No Hair,-99,,red,good,-99,-99
Kraven II,Male,brown,Human,Black,191,Marvel Comics,-,bad,99,44.90 
Kraven the Hunter,Male,brown,Human,Black,183,Marvel Comics,-,bad,106,48.07 
Krypto,Male,blue,Kryptonian,White,64,DC Comics,-,good,18,8.16 
Kyle Rayner,Male,green,Human,Black,180,DC Comics,-,good,79,35.83 
Kylo Ren,Male,-,Human,-,-99,George Lucas,-,bad,-99,-99
Lady Bullseye,Female,-,-,Black,-99,Marvel Comics,-,bad,-99,-99
Lady Deathstrike,Female,brown,Cyborg,Black,175,Marvel Comics,-,bad,58,26.30 
Leader,Male,green,-,No Hair,178,Marvel Comics,-,bad,63,28.57 
Leech,Male,-,-,-,-99,Marvel Comics,-,good,-99,-99
Legion,Male,green / blue,Mutant,Black,175,Marvel Comics,-,good,59,26.76 
Leonardo,Male,blue,Mutant,No Hair,-99,IDW Publishing,green,good,-99,-99
Lex Luthor,Male,green,Human,No Hair,188,DC Comics,-,bad,95,43.08 
Light Lass,Female,blue,-,Red,165,DC Comics,-,good,54,24.49 
Lightning Lad,Male,blue,-,Red,155,DC Comics,-,good,65,29.48 
Lightning Lord,Male,blue,-,Red,191,DC Comics,-,bad,95,43.08 
Living Brain,-,yellow,-,-,198,Marvel Comics,-,bad,360,163.27 
Living Tribunal,-,blue,Cosmic Entity,No Hair,-99,Marvel Comics,gold,neutral,-99,-99
Liz Sherman,Female,-,-,-,-99,Dark Horse Comics,-,good,-99,-99
Lizard,Male,red,Human,No Hair,203,Marvel Comics,-,bad,230,104.31 
Lobo,Male,red,Czarnian,Black,229,DC Comics,blue-white,neutral,288,130.61 
Loki,Male,green,Asgardian,Black,193,Marvel Comics,-,bad,236,107.03 
Longshot,Male,blue,Human,Blond,188,Marvel Comics,-,good,36,16.33 
Luke Cage,Male,brown,Human,Black,198,Marvel Comics,-,good,191,86.62 
Luke Campbell,Male,-,-,-,-99,NBC - Heroes,-,bad,-99,-99
Luke Skywalker,Male,blue,Human,Blond,168,George Lucas,-,good,77,34.92 
Luna,Female,-,Human,-,-99,Marvel Comics,-,good,-99,-99
Lyja,Female,green,-,Green,-99,Marvel Comics,-,good,-99,-99
Mach-IV,Male,brown,-,Brown,180,Marvel Comics,-,bad,79,35.83 
Machine Man,-,red,-,Black,183,Marvel Comics,-,good,383,173.70 
Magneto,Male,grey,Mutant,White,188,Marvel Comics,-,bad,86,39.00 
Magog,Male,blue,-,Blond,-99,DC Comics,-,good,-99,-99
Magus,Male,black,-,-,183,Marvel Comics,-,bad,-99,-99
Man of Miracles,-,blue,God / Eternal,Silver,-99,Image Comics,-,-,-99,-99
Man-Bat,Male,brown,Human,Brown,-99,DC Comics,-,neutral,-99,-99
Man-Thing,Male,red,-,No Hair,213,Marvel Comics,green,good,225,102.04 
Man-Wolf,Male,brown,-,Auburn,188,Marvel Comics,-,good,90,40.82 
Mandarin,Male,blue,Human,White,188,Marvel Comics,-,bad,97,43.99 
Mantis,Female,green,Human-Kree,Black,168,Marvel Comics,green,good,52,23.58 
Martian Manhunter,Male,red,Martian,No Hair,201,DC Comics,green,good,135,61.22 
Marvel Girl,Female,green,-,Red,170,Marvel Comics,-,good,56,25.40 
Master Brood,Male,blue,-,Black,183,Team Epic TV,-,good,81,36.73 
Master Chief,Male,brown,Human / Altered,Brown,213,Microsoft,-,good,-99,-99
Match,Male,black,-,Black,-99,DC Comics,-,bad,-99,-99
Matt Parkman,Male,-,-,-,-99,NBC - Heroes,-,good,-99,-99
Maverick,Male,blue,-,Black,193,Marvel Comics,-,good,110,49.89 
Maxima,Female,brown,-,Red,180,DC Comics,-,bad,72,32.65 
Maya Herrera,Female,-,-,-,-99,NBC - Heroes,-,good,-99,-99
Medusa,Female,green,Inhuman,Red,180,Marvel Comics,-,good,59,26.76 
Meltdown,Female,blue,-,Blond,165,Marvel Comics,-,good,54,24.49 
Mephisto,Male,white,-,Black,198,Marvel Comics,-,bad,140,63.49 
Mera,Female,blue,Atlantean,Red,175,DC Comics,-,good,72,32.65 
Metallo,Male,green,Android,Brown,196,DC Comics,-,bad,90,40.82 
Metamorpho,Male,black,-,No Hair,185,DC Comics,-,good,90,40.82 
Meteorite,Female,-,-,-,-99,Marvel Comics,-,good,-99,-99
Metron,Male,blue,-,Black,185,DC Comics,-,good,86,39.00 
Micah Sanders,Male,brown,-,Black,-99,NBC - Heroes,-,good,-99,-99
Michelangelo,Male,blue,Mutant,-,-99,IDW Publishing,green,good,-99,-99
Micro Lad,Male,grey,-,Brown,183,DC Comics,-,good,77,34.92 
Mimic,Male,brown,-,Brown,188,Marvel Comics,-,good,101,45.80 
Minna Murray,Female,-,-,-,-99,Wildstorm,-,good,-99,-99
Misfit,Female,blue,-,Red,-99,DC Comics,-,good,-99,-99
Miss Martian,Female,red,-,Red,178,DC Comics,-,good,61,27.66 
Mister Fantastic,Male,brown,Human / Radiation,Brown,185,Marvel Comics,-,good,81,36.73 
Mister Freeze,Male,-,Human,-,183,DC Comics,-,bad,86,39.00 
Mister Knife,Male,blue,Spartoi,Brown,-99,Marvel Comics,-,bad,-99,-99
Mister Mxyzptlk,Male,-,God / Eternal,-,-99,DC Comics,-,bad,-99,-99
Mister Sinister,Male,red,Human / Altered,Black,196,Marvel Comics,-,bad,128,58.05 
Mister Zsasz,Male,blue,Human,Blond,-99,DC Comics,-,bad,-99,-99
Mockingbird,Female,blue,Human,Blond,175,Marvel Comics,-,good,61,27.66 
MODOK,Male,white,Cyborg,Brownn,366,Marvel Comics,-,bad,338,153.29 
Mogo,Male,-,Planet,-,-99,DC Comics,-,good,-99,-99
Mohinder Suresh,Male,-,-,-,-99,NBC - Heroes,-,good,-99,-99
Moloch,Male,-,-,-,-99,DC Comics,-,bad,-99,-99
Molten Man,Male,gold,-,Gold,196,Marvel Comics,-,bad,248,112.47 
Monarch,Male,blue,-,White,193,DC Comics,-,good,90,40.82 
Monica Dawson,Female,-,-,-,-99,NBC - Heroes,-,good,-99,-99
Moon Knight,Male,brown,Human,Brown,188,Marvel Comics,-,good,101,45.80 
Moonstone,Female,blue,-,Blond,180,Marvel Comics,-,bad,59,26.76 
Morlun,Male,white / red,-,Black,188,Marvel Comics,-,bad,79,35.83 
Morph,Male,white,-,No Hair,178,Marvel Comics,-,good,79,35.83 
Moses Magnum,Male,brown,-,Black,175,Marvel Comics,-,bad,72,32.65 
Mr Immortal,Male,blue,Mutant,Blond,188,Marvel Comics,-,good,70,31.75 
Mr Incredible,Male,blue,Human,Blond,201,Dark Horse Comics,-,good,158,71.66 
Ms Marvel II,Female,blue,-,Red,173,Marvel Comics,-,good,61,27.66 
Multiple Man,Male,blue,-,Brown,180,Marvel Comics,-,good,70,31.75 
Mysterio,Male,brown,Human,No Hair,180,Marvel Comics,-,bad,79,35.83 
Mystique,Female,yellow (without irises),Mutant,Red / Orange,178,Marvel Comics,blue,bad,54,24.49 
Namor,Male,-,-,-,-99,Marvel Comics,-,good,-99,-99
Namor,Male,grey,Atlantean,Black,188,Marvel Comics,-,good,125,56.69 
Namora,Female,blue,-,Blond,180,Marvel Comics,-,good,85,38.55 
Namorita,Female,blue,-,Blond,168,Marvel Comics,-,good,101,45.80 
Naruto Uzumaki,Male,-,Human,-,168,Shueisha,-,good,54,24.49 
Nathan Petrelli,Male,brown,-,-,-99,NBC - Heroes,-,good,-99,-99
Nebula,Female,blue,Luphomoid,No Hair,185,Marvel Comics,blue,bad,83,37.64 
Negasonic Teenage Warhead,Female,black,Mutant,Black,-99,Marvel Comics,-,good,-99,-99
Nick Fury,Male,brown,Human,Brown / White,185,Marvel Comics,-,good,99,44.90 
Nightcrawler,Male,yellow,-,Indigo,175,Marvel Comics,-,good,88,39.91 
Nightwing,Male,blue,Human,Black,178,DC Comics,-,good,79,35.83 
Niki Sanders,Female,blue,-,Blond,-99,NBC - Heroes,-,good,-99,-99
Nina Theroux,Female,-,Alpha,-,-99,SyFy,-,good,-99,-99
Nite Owl II,Male,-,-,-,-99,DC Comics,-,good,-99,-99
Northstar,Male,blue,-,Black,180,Marvel Comics,-,good,83,37.64 
Nova,Male,brown,Human,Brown,185,Marvel Comics,-,good,86,39.00 
Nova,Female,white,Human / Cosmic,Red,163,Marvel Comics,gold,good,59,26.76 
Odin,Male,blue,God / Eternal,White,206,Marvel Comics,-,good,293,132.88 
Offspring,Male,-,-,-,-99,DC Comics,-,good,-99,-99
Omega Red,Male,red,-,Blond,211,Marvel Comics,-,bad,191,86.62 
Omniscient,Male,brown,-,Black,180,Team Epic TV,-,good,65,29.48 
One Punch Man,Male,-,Human,No Hair,175,Shueisha,-,good,69,31.29 
One-Above-All,-,-,Cosmic Entity,-,-99,Marvel Comics,-,neutral,-99,-99
Onslaught,Male,red,Mutant,No Hair,305,Marvel Comics,-,bad,405,183.67 
Oracle,Female,blue,Human,Red,178,DC Comics,-,good,59,26.76 
Osiris,Male,brown,-,Brown,-99,DC Comics,-,good,-99,-99
Overtkill,Male,-,-,-,-99,Image Comics,-,bad,-99,-99
Ozymandias,Male,blue,Human,Blond,-99,DC Comics,-,bad,-99,-99
Parademon,-,-,Parademon,-,-99,DC Comics,-,bad,-99,-99
Paul Blart,Male,-,Human,-,170,Sony Pictures,-,good,117,53.06 
Penance,-,-,-,-,-99,Marvel Comics,-,good,-99,-99
Penance I,Female,-,-,-,-99,Marvel Comics,-,good,-99,-99
Penance II,Male,blue,-,Blond,183,Marvel Comics,-,good,89,40.36 
Penguin,Male,blue,Human,Black,157,DC Comics,-,bad,79,35.83 
Peter Petrelli,Male,-,-,-,-99,NBC - Heroes,-,good,-99,-99
Phantom,Male,-,-,-,-99,DC Comics,-,good,-99,-99
Phantom Girl,Female,blue,-,Black,168,DC Comics,-,good,54,24.49 
Phoenix,Female,green,Mutant,Red,168,Marvel Comics,-,good,52,23.58 
Plantman,Male,green,Mutant,Grey,183,Marvel Comics,-,bad,87,39.46 
Plastic Lad,Male,-,-,-,-99,DC Comics,-,good,-99,-99
Plastic Man,Male,blue,Human,Black,185,DC Comics,-,good,80,36.28 
Plastique,Female,blue,-,Red,168,DC Comics,-,bad,55,24.94 
Poison Ivy,Female,green,Human,Red,168,DC Comics,green,bad,50,22.68 
Polaris,Female,green,Mutant,Green,170,Marvel Comics,-,good,52,23.58 
Power Girl,Female,blue,Kryptonian,blond,180,DC Comics,-,good,81,36.73 
Power Man,Male,-,Mutant,-,-99,Marvel Comics,-,good,-99,-99
Predator,Male,-,Yautja,-,213,Dark Horse Comics,-,bad,234,106.12 
Professor X,Male,blue,Mutant,No Hair,183,Marvel Comics,-,good,86,39.00 
Professor Zoom,Male,blue,Human,Strawberry Blond,180,DC Comics,-,bad,81,36.73 
Proto-Goblin,Male,green,-,Blond,-99,Marvel Comics,-,bad,-99,-99
Psylocke,Female,blue,Mutant,Purple,180,Marvel Comics,-,good,70,31.75 
Punisher,Male,blue,Human,Black,183,Marvel Comics,-,good,90,40.82 
Purple Man,Male,purple,Human,Purple,180,Marvel Comics,purple,bad,74,33.56 
Pyro,Male,blue,-,Blond,178,Marvel Comics,-,bad,68,30.84 
Q,Male,-,God / Eternal,-,-99,Star Trek,-,-,-99,-99
Quantum,Male,-,-,-,-99,HarperCollins,-,good,-99,-99
Question,Male,blue,Human,Blond,188,DC Comics,-,good,83,37.64 
Quicksilver,Male,blue,Mutant,Silver,183,Marvel Comics,-,good,79,35.83 
Quill,Male,brown,-,Brown,163,Marvel Comics,-,good,56,25.40 
Ra's Al Ghul,Male,green,Human,Grey,193,DC Comics,-,bad,97,43.99 
Rachel Pirzad,Female,-,Alpha,-,-99,SyFy,-,good,-99,-99
Rambo,Male,brown,Human,Black,178,,-,good,83,37.64 
Raphael,Male,-,Mutant,No Hair,-99,IDW Publishing,green,good,-99,-99
Raven,Female,indigo,Human,Black,165,DC Comics,-,neutral,50,22.68 
Ray,Male,green,Human,Red,178,DC Comics,-,good,70,31.75 
Razor-Fist II,Male,blue,-,No Hair,191,Marvel Comics,-,bad,117,53.06 
Red Arrow,Male,green,Human,Red,180,DC Comics,-,good,83,37.64 
Red Hood,Male,blue,Human,Black,183,DC Comics,-,neutral,81,36.73 
Red Hulk,Male,yellow,Human / Radiation,Black,213,Marvel Comics,red,neutral,630,285.71 
Red Mist,Male,-,-,-,-99,Icon Comics,-,bad,-99,-99
Red Robin,Male,blue,Human,Black,165,DC Comics,-,good,56,25.40 
Red Skull,Male,blue,-,No Hair,188,Marvel Comics,-,bad,108,48.98 
Red Tornado,Male,green,Android,No Hair,185,DC Comics,-,good,146,66.21 
Redeemer II,Male,-,-,-,-99,Image Comics,-,bad,-99,-99
Redeemer III,Male,-,-,-,-99,Image Comics,-,bad,-99,-99
Renata Soliz,Female,-,-,-,-99,HarperCollins,-,good,-99,-99
Rey,Female,hazel,Human,Brown,297,George Lucas,-,good,-99,-99
Rhino,Male,brown,Human / Radiation,Brown,196,Marvel Comics,-,bad,320,145.12 
Rick Flag,Male,blue,-,Brown,185,DC Comics,-,bad,85,38.55 
Riddler,Male,-,-,-,-99,DC Comics,-,bad,-99,-99
Rip Hunter,Male,blue,Human,Blond,-99,DC Comics,-,good,-99,-99
Ripcord,Female,green,-,Black,180,Marvel Comics,-,good,72,32.65 
Robin,Male,blue,Human,Black,178,DC Comics,-,good,79,35.83 
Robin II,Male,blue,Human,Red,183,DC Comics,-,good,101,45.80 
Robin III,Male,blue,Human,Black,165,DC Comics,-,good,56,25.40 
Robin V,Male,blue,Human,Black,137,DC Comics,-,good,38,17.23 
Robin VI,Female,green,Human,Red,-99,DC Comics,-,neutral,-99,-99
Rocket Raccoon,Male,brown,Animal,Brown,122,Marvel Comics,-,good,25,11.34 
Rogue,Female,green,-,Brown / White,173,Marvel Comics,-,good,54,24.49 
Ronin,Male,blue,Human,Blond,191,Marvel Comics,-,good,104,47.17 
Rorschach,Male,blue,Human,Red,168,DC Comics,-,good,63,28.57 
Sabretooth,Male,amber,Mutant,Blond,198,Marvel Comics,-,bad,171,77.55 
Sage,Female,blue,-,Black,170,Marvel Comics,-,good,61,27.66 
Sandman,Male,brown,Human,Brown,185,Marvel Comics,-,neutral,203,92.06 
Sasquatch,Male,red,-,Orange,305,Marvel Comics,-,good,900,408.16 
Sauron,Male,-,Maiar,-,279,J. R. R. Tolkien,-,bad,-99,-99
Savage Dragon,Male,-,-,-,-99,Image Comics,-,good,-99,-99
Scarecrow,Male,blue,Human,Brown,183,DC Comics,-,bad,63,28.57 
Scarlet Spider,Male,blue,Human,Blond,178,Marvel Comics,-,good,74,33.56 
Scarlet Spider II,Male,brown,Clone,Brown,193,Marvel Comics,-,good,113,51.25 
Scarlet Witch,Female,blue,Mutant,Brown,170,Marvel Comics,-,bad,59,26.76 
Scorpia,Female,green,-,Red,-99,Marvel Comics,-,bad,-99,-99
Scorpion,Male,brown,Human,Brown,211,Marvel Comics,-,bad,310,140.59 
Sebastian Shaw,Male,-,Mutant,-,-99,Marvel Comics,-,bad,-99,-99
Sentry,Male,blue,Mutant,Blond,188,Marvel Comics,-,neutral,87,39.46 
Shadow King,-,red,-,-,185,Marvel Comics,-,good,149,67.57 
Shadow Lass,Female,black,Talokite,Black,173,DC Comics,blue,good,54,24.49 
Shadowcat,Female,hazel,Mutant,Brown,168,Marvel Comics,-,good,50,22.68 
Shang-Chi,Male,brown,Human,Black,178,Marvel Comics,-,good,79,35.83 
Shatterstar,Male,brown,-,Red,191,Marvel Comics,-,good,88,39.91 
She-Hulk,Female,green,Human,Green,201,Marvel Comics,-,good,315,142.86 
She-Thing,Female,blue,Human / Radiation,No Hair,183,Marvel Comics,-,good,153,69.39 
Shocker,Male,brown,Human,Brown,175,Marvel Comics,-,bad,79,35.83 
Shriek,Female,yellow / blue,-,Black,173,Marvel Comics,-,good,52,23.58 
Shrinking Violet,Female,-,-,-,-99,DC Comics,-,good,-99,-99
Sif,Female,blue,Asgardian,Black,188,Marvel Comics,-,good,191,86.62 
Silk,Female,brown,Human,Black,-99,Marvel Comics,-,good,-99,-99
Silk Spectre,Female,-,-,-,-99,DC Comics,-,good,-99,-99
Silk Spectre II,Female,-,-,-,-99,DC Comics,-,good,-99,-99
Silver Surfer,Male,white,Alien,No Hair,193,Marvel Comics,silver,good,101,45.80 
Silverclaw,Female,brown,-,Black,157,Marvel Comics,-,good,50,22.68 
Simon Baz,Male,bown,Human,Black,-99,DC Comics,-,good,-99,-99
Sinestro,Male,black,Korugaran,Black,201,DC Comics,red,neutral,92,41.72 
Siren,Female,blue,Atlantean,Purple,175,DC Comics,-,bad,72,32.65 
Siren II,Female,black,-,-,-99,DC Comics,-,bad,-99,-99
Siryn,Female,blue,-,Strawberry Blond,168,Marvel Comics,-,bad,52,23.58 
Skaar,Male,green,-,Black,198,Marvel Comics,-,good,180,81.63 
Snake-Eyes,Male,-,Animal,-,-99,Marvel Comics,-,bad,-99,-99
Snowbird,Female,white,-,Blond,178,Marvel Comics,-,good,49,22.22 
Sobek,Male,white,-,No Hair,-99,DC Comics,-,good,-99,-99
Solomon Grundy,Male,black,Zombie,White,279,DC Comics,-,bad,437,198.19 
Songbird,Female,green,-,Red / White,165,Marvel Comics,-,good,65,29.48 
Space Ghost,Male,-,Human,-,188,DC Comics,-,good,113,51.25 
Spawn,Male,brown,Demon,Black,211,Image Comics,-,good,405,183.67 
Spectre,Male,white,God / Eternal,No Hair,-99,DC Comics,white,good,-99,-99
Speedball,Male,-,-,-,-99,Marvel Comics,-,good,-99,-99
Speedy,Male,-,Human,-,-99,DC Comics,-,good,-99,-99
Speedy,Female,green,Human,Brown,-99,DC Comics,-,good,-99,-99
Spider-Carnage,Male,-,Symbiote,-,-99,Marvel Comics,-,bad,-99,-99
Spider-Girl,Female,blue,Human,Brown,170,Marvel Comics,-,good,54,24.49 
Spider-Gwen,Female,blue,Human,Blond,165,Marvel Comics,-,good,56,25.40 
Spider-Man,Male,hazel,Human,Brown,178,Marvel Comics,-,good,74,33.56 
Spider-Man,-,red,Human,Brown,178,Marvel Comics,-,good,77,34.92 
Spider-Man,Male,brown,Human,Black,157,Marvel Comics,-,good,56,25.40 
Spider-Woman,Female,green,Human,Black,178,Marvel Comics,-,good,59,26.76 
Spider-Woman II,Female,-,-,-,-99,Marvel Comics,-,good,-99,-99
Spider-Woman III,Female,brown,-,Brown,173,Marvel Comics,-,good,55,24.94 
Spider-Woman IV,Female,red,-,White,178,Marvel Comics,-,bad,58,26.30 
Spock,Male,brown,Human-Vulcan,Black,185,Star Trek,-,good,81,36.73 
Spyke,Male,brown,Mutant,Blond,183,Marvel Comics,-,good,83,37.64 
Stacy X,Female,-,-,-,-99,Marvel Comics,-,good,-99,-99
Star-Lord,Male,blue,Human-Spartoi,Blond,188,Marvel Comics,-,good,79,35.83 
Stardust,Male,-,-,-,-99,Marvel Comics,-,good,-99,-99
Starfire,Female,green,Tamaranean,Auburn,193,DC Comics,orange,good,71,32.20 
Stargirl,Female,blue,Human,Blond,165,DC Comics,-,good,62,28.12 
Static,Male,brown,Mutant,Black,170,DC Comics,-,good,63,28.57 
Steel,Male,brown,-,No Hair,201,DC Comics,-,good,131,59.41 
Stephanie Powell,Female,-,-,Blond,-99,ABC Studios,-,good,-99,-99
Steppenwolf,Male,red,New God,Black,183,DC Comics,white,bad,91,41.27 
Storm,Female,blue,Mutant,White,180,Marvel Comics,-,good,57,25.85 
Stormtrooper,Male,-,Human,-,183,George Lucas,-,bad,-99,-99
Sunspot,Male,brown,Mutant,black,173,Marvel Comics,-,good,77,34.92 
Superboy,Male,blue,-,Black,170,DC Comics,-,good,68,30.84 
Superboy-Prime,Male,blue,Kryptonian,Black / Blue,180,DC Comics,-,bad,77,34.92 
Supergirl,Female,blue,Kryptonian,Blond,165,DC Comics,-,good,54,24.49 
Superman,Male,blue,Kryptonian,Black,191,DC Comics,-,good,101,45.80 
Swamp Thing,Male,red,God / Eternal,No Hair,-99,DC Comics,green,bad,-99,-99
Swarm,Male,yellow,Mutant,No Hair,196,Marvel Comics,yellow,bad,47,21.32 
Sylar,Male,-,-,-,-99,NBC - Heroes,-,bad,-99,-99
Synch,Male,brown,-,Black,180,Marvel Comics,-,good,74,33.56 
T-1000,Male,-,Android,-,183,Dark Horse Comics,silver,bad,146,66.21 
T-800,Male,red,Cyborg,-,-99,Dark Horse Comics,-,bad,176,79.82 
T-850,Male,red,Cyborg,-,-99,Dark Horse Comics,-,bad,198,89.80 
T-X,Female,-,Cyborg,-,-99,Dark Horse Comics,silver,bad,149,67.57 
Taskmaster,Male,brown,Human,Brown,188,Marvel Comics,-,bad,99,44.90 
Tempest,Female,brown,-,Black,163,Marvel Comics,-,good,54,24.49 
Thanos,Male,red,Eternal,No Hair,201,Marvel Comics,purple,bad,443,200.91 
The Cape,Male,-,-,-,-99,,-,good,-99,-99
The Comedian,Male,brown,Human,Black,188,DC Comics,-,neutral,101,45.80 
Thing,Male,blue,Human / Radiation,No Hair,183,Marvel Comics,-,good,225,102.04 
Thor,Male,blue,Asgardian,Blond,198,Marvel Comics,-,good,288,130.61 
Thor Girl,Female,blue,Asgardian,Blond,175,Marvel Comics,-,good,143,64.85 
Thunderbird,Male,brown,-,Black,185,Marvel Comics,-,good,101,45.80 
Thunderbird II,Male,-,-,-,-99,Marvel Comics,-,good,-99,-99
Thunderbird III,Male,brown,-,Black,175,Marvel Comics,-,good,74,33.56 
Thunderstrike,Male,blue,-,Blond,198,Marvel Comics,-,good,288,130.61 
Thundra,Female,green,-,Red,218,Marvel Comics,-,good,158,71.66 
Tiger Shark,Male,grey,Human,No Hair,185,Marvel Comics,grey,bad,203,92.06 
Tigra,Female,green,-,Auburn,178,Marvel Comics,-,good,81,36.73 
Tinkerer,Male,brown,-,White,163,Marvel Comics,-,bad,54,24.49 
Titan,Male,-,-,-,-99,HarperCollins,-,good,-99,-99
Toad,Male,black,Mutant,Brown,175,Marvel Comics,green,neutral,76,34.47 
Toxin,Male,blue,Symbiote,Brown,188,Marvel Comics,-,good,97,43.99 
Toxin,Male,black,Symbiote,Blond,191,Marvel Comics,-,good,117,53.06 
Tracy Strauss,Female,-,-,-,-99,NBC - Heroes,-,good,-99,-99
Trickster,Male,blue,Human,Blond,183,DC Comics,-,-,81,36.73 
Trigon,Male,yellow,God / Eternal,Black,-99,DC Comics,red,bad,-99,-99
Triplicate Girl,Female,purple,-,Brown,168,DC Comics,-,good,59,26.76 
Triton,Male,green,Inhuman,No Hair,188,Marvel Comics,green,good,86,39.00 
Two-Face,Male,-,-,-,183,DC Comics,-,bad,82,37.19 
Ultragirl,Female,blue,-,Blond,168,Marvel Comics,-,good,105,47.62 
Ultron,Male,red,Android,-,206,Marvel Comics,silver,bad,331,150.11 
Utgard-Loki,Male,blue,Frost Giant,White,15.2,Marvel Comics,-,bad,58,26.30 
Vagabond,Female,blue,-,Strawberry Blond,168,Marvel Comics,-,good,54,24.49 
Valerie Hart,Female,hazel,-,Black,175,Team Epic TV,-,good,56,25.40 
Valkyrie,Female,blue,-,Blond,191,Marvel Comics,-,good,214,97.05 
Vanisher,Male,green,-,No Hair,165,Marvel Comics,-,bad,79,35.83 
Vegeta,Male,-,Saiyan,Black,168,Shueisha,-,bad,73,33.11 
Venom,Male,blue,Symbiote,Strawberry Blond,191,Marvel Comics,-,bad,117,53.06 
Venom II,Male,brown,-,Black,175,Marvel Comics,-,bad,50,22.68 
Venom III,Male,brown,Symbiote,Brown,229,Marvel Comics,-,bad,334,151.47 
Venompool,Male,-,Symbiote,-,226,Marvel Comics,-,-,-99,-99
Vertigo II,Female,blue,-,Silver,168,Marvel Comics,-,good,52,23.58 
Vibe,Male,brown,Human,Black,178,DC Comics,-,good,71,32.20 
Vindicator,Female,green,Human,Red,165,Marvel Comics,-,good,54,24.49 
Vindicator,Male,-,-,-,-99,Marvel Comics,-,good,-99,-99
Violator,Male,-,-,-,-99,Image Comics,-,bad,-99,-99
Violet Parr,Female,violet,Human,Black,137,Dark Horse Comics,-,good,41,18.59 
Vision,Male,gold,Android,No Hair,191,Marvel Comics,red,good,135,61.22 
Vision II,-,red,-,No Hair,191,Marvel Comics,-,good,135,61.22 
Vixen,Female,amber,Human,Black,175,DC Comics,-,good,63,28.57 
Vulcan,Male,black,-,Black,-99,Marvel Comics,-,good,-99,-99
Vulture,Male,brown,Human,No Hair,180,Marvel Comics,-,bad,79,35.83 
Walrus,Male,blue,Human,Black,183,Marvel Comics,-,bad,162,73.47 
War Machine,Male,brown,Human,Brown,185,Marvel Comics,-,good,95,43.08 
Warbird,Female,blue,-,Blond,180,Marvel Comics,-,good,54,24.49 
Warlock,Male,red,-,Blond,188,Marvel Comics,-,good,108,48.98 
Warp,Male,brown,-,Black,173,DC Comics,-,bad,67,30.39 
Warpath,Male,brown,Mutant,Black,218,Marvel Comics,-,good,158,71.66 
Wasp,Female,blue,Human,Auburn,163,Marvel Comics,-,good,50,22.68 
Watcher,Male,-,-,-,-99,Marvel Comics,-,good,-99,-99
Weapon XI,Male,-,-,-,-99,Marvel Comics,-,bad,-99,-99
White Canary,Female,brown,Human,Black,-99,DC Comics,-,bad,-99,-99
White Queen,Female,blue,-,Blond,178,Marvel Comics,-,good,65,29.48 
Wildfire,Male,-,-,-,-99,DC Comics,-,good,-99,-99
Winter Soldier,Male,brown,Human,Brown,175,Marvel Comics,-,good,117,53.06 
Wiz Kid,-,brown,-,Black,140,Marvel Comics,-,good,39,17.69 
Wolfsbane,Female,green,-,Auburn,366,Marvel Comics,-,good,473,214.51 
Wolverine,Male,blue,Mutant,Black,160,Marvel Comics,-,good,135,61.22 
Wonder Girl,Female,blue,Demi-God,Blond,165,DC Comics,-,good,51,23.13 
Wonder Man,Male,red,-,Black,188,Marvel Comics,-,good,171,77.55 
Wonder Woman,Female,blue,Amazon,Black,183,DC Comics,-,good,74,33.56 
Wondra,Female,-,-,-,-99,Marvel Comics,-,good,-99,-99
Wyatt Wingfoot,Male,brown,-,Black,196,Marvel Comics,-,good,117,53.06 
X-23,Female,green,Mutant / Clone,Black,155,Marvel Comics,-,good,50,22.68 
X-Man,Male,blue,-,Brown,175,Marvel Comics,-,good,61,27.66 
Yellow Claw,Male,blue,-,No Hair,188,Marvel Comics,-,bad,95,43.08 
Yellowjacket,Male,blue,Human,Blond,183,Marvel Comics,-,good,83,37.64 
Yellowjacket II,Female,blue,Human,Strawberry Blond,165,Marvel Comics,-,good,52,23.58 
Ymir,Male,white,Frost Giant,No Hair,304.8,Marvel Comics,white,good,-99,-99
Yoda,Male,brown,Yoda's species,White,66,George Lucas,green,good,17,7.71 
Zatanna,Female,blue,Human,Black,170,DC Comics,-,good,57,25.85 
Zoom,Male,red,-,Brown,185,DC Comics,-,bad,81,36.73 
